#res,rho,u,u1,u2,u3,B1,B2,B3
16,2.027622727537679e-06,2.8855689279767065e-06,4.996023757885015e-07,1.4916081780779783e-06,1.4916081780780156e-06,3.046145647088091e-06,1.5230728233793076e-06,1.52307282337916e-06,
32,8.191800348417232e-07,1.1071672646652103e-06,1.5685701682378403e-07,3.685531545632717e-07,3.6855315456331445e-07,6.921291346331828e-07,3.4606456717611394e-07,3.4606456717588365e-07,
64,2.2581846342812852e-07,3.0674904889171796e-07,4.476918317467454e-08,1.0175931849516825e-07,1.017593184951344e-07,1.8130993076531037e-07,9.065496546852915e-08,9.065496546847308e-08,
