#res,rho,u,u1,u2,u3,B1,B2,B3
16,1.0386436204268376e-07,1.4087125397058923e-07,1.3212099880903005e-08,3.786328579458961e-06,3.7862433178523436e-06,1.0266275008938026e-07,5.744713398787118e-06,5.744481385883344e-06,
32,1.1250438603188466e-09,1.5404567109690809e-09,1.0138441495826979e-09,4.821616182963479e-07,4.82160129376586e-07,7.99549745032405e-10,8.5516377310715e-07,8.551596669561453e-07,
64,1.49491732489896e-09,1.991316155397501e-09,1.218139328013468e-09,8.462798505499103e-08,8.46280524911596e-08,5.943618079307543e-10,1.527676176124658e-07,1.527675205718414e-07,
