#res,rho
32,6.07683493837132e-06
64,1.7742791453230253e-06
128,4.51294573415643e-07
256,1.1315800575927261e-07
