#res,rho,u,u1,u2,u3,B1,B2,B3
16,8.420371976888745e-06,1.1154761539768358e-05,4.272140583572978e-06,5.655954174258415e-07,5.655954174262796e-07,2.917801853079201e-06,1.4589009269214603e-06,1.4589009269225776e-06,
32,1.0300078058956386e-06,1.3564686202364663e-06,5.251245165784022e-07,7.207997187351946e-08,7.207997187350055e-08,3.6835423885051855e-07,1.8417711914875582e-07,1.8417711914870384e-07,
64,1.7960727177311908e-07,2.3965735412359884e-07,9.291263702240283e-08,1.3304282634657958e-08,1.3304282634698804e-08,6.711329183285352e-08,3.355664593710429e-08,3.3556645937024854e-08,
